model_utility,rouge_forget,rouge_retain,deviation_score
0.6342114579374374,0.28742912431718526,0.9820598539786461,28.798845522869737
