{
    "RougeL_recall_F": 0.27214422866703625,
    "RougeL_recall_R": 0.980938265816454,
    "KFR": 0.995,
    "KRR": 0.895,
    "PPL_F": 2.5673002082109453,
    "PPL_R": 1.3093215548992156,
    "TTR_F": 4.902152736421905,
    "TTR_R": 4.592201363171243,
    "BI_F": 7.534223104494397,
    "BI_R": 6.855401579559774,
    "HS_F": 1649.1920061044862,
    "HS_R": 1894.7205195916927,
    "Harmonic_F": 0.8407163321813952,
    "Harmonic_R": 0.9360006817960245,
    "Mean_F": 0.8614278856664819,
    "Mean_R": 0.937969132908227,
    "Harmonic_AS_F": 0.22897040981162173,
    "Harmonic_AS_R": 0.2686907819949166,
    "Arithmetic_AS_F": 0.4656311100945061,
    "Arithmetic_AS_R": 0.5199336827269279,
    "Model": "llama2-7b"
}