{
    "RougeL_recall_F": 0.23047578358126586,
    "RougeL_recall_R": 0.9801428112709997,
    "KFR": 0.985,
    "KRR": 0.865,
    "PPL_F": 2.5866798758506775,
    "PPL_R": 1.3019923895597458,
    "TTR_F": 4.963467218959078,
    "TTR_R": 4.5950824567139135,
    "BI_F": 7.5999769180520325,
    "BI_R": 6.865341413966526,
    "HS_F": 1634.0446651084449,
    "HS_R": 1901.6444294162638,
    "Harmonic_F": 0.8640306540990524,
    "Harmonic_R": 0.9189787658391643,
    "Mean_F": 0.877262108209367,
    "Mean_R": 0.9225714056354999,
    "Harmonic_AS_F": 0.2274921404731236,
    "Harmonic_AS_R": 0.2686280173827602,
    "Arithmetic_AS_F": 0.464825719958174,
    "Arithmetic_AS_R": 0.5203402599470596,
    "Model": "llama2-7b"
}