{
    "RougeL_recall_F": 0.21342866253189827,
    "RougeL_recall_R": 0.9844545454545455,
    "KFR": 0.975,
    "KRR": 0.875,
    "PPL_F": 2.4512285768985747,
    "PPL_R": 1.3054588317871094,
    "TTR_F": 4.847679697114351,
    "TTR_R": 4.610312115174061,
    "BI_F": 7.626973606403621,
    "BI_R": 6.873267253460426,
    "HS_F": 1536.1753199729014,
    "HS_R": 1911.646294928257,
    "Harmonic_F": 0.8707079159606117,
    "Harmonic_R": 0.9265058179329227,
    "Mean_F": 0.8807856687340508,
    "Mean_R": 0.9297272727272727,
    "Harmonic_AS_F": 0.22937790993142185,
    "Harmonic_AS_R": 0.26835433648414436,
    "Arithmetic_AS_F": 0.46833894999968534,
    "Arithmetic_AS_R": 0.5200807915238016,
    "Model": "llama2-7b"
}
